city,state
New York City,New York
Chicago,Illinois
San Francisco,California
Cleveland,Ohio
Dallas,Texas
Pittsburgh,Pennsylvania
Detroit,Michigan
Saint Louis,Missouri
Louisville,Kentucky
Los Angeles,California
Tysons,Virginia
Columbus,Ohio
Las Vegas,Nevada
Philadelphia,Pennsylvania
Milwaukee,Wisconsin
Minneapolis,Minnesota
Miami,Florida
Buffalo,New York
Oakbrook Terrace,Illinois
San Antonio,Texas
Atlanta,Georgia
Tampa,Florida
Baltimore,Maryland
Providence,Rhode Island
Charlotte,North Carolina
Houston,Texas
Boston,Massachusetts
Seattle,Washington
Sunny Isles Beach,Florida
Hartford,Connecticut
Jersey City,New Jersey
Lincoln,Nebraska
Jacksonville,Florida
Baton Rouge,Louisiana
Rochester,New York
Austin,Texas
Denver,Colorado
Tulsa,Oklahoma
Newark,New Jersey
Little Rock,Arkansas
Akron,Ohio
Mobile,Alabama
New Orleans,Louisiana
Richmond,Virginia
Daytona Beach Shores,Florida
Dunwoody,Georgia
Southfield,Michigan
Cincinnati,Ohio
Kansas City,Missouri
Atlantic City,New Jersey
Camden,New Jersey
Phoenix,Arizona
Albany,New York
Tempe,Arizona
Nashville,Tennessee
Memphis,Tennessee
Oklahoma City,Oklahoma
St. Paul,Minnesota
Clayton,Georgia
Miami Beach,Florida
Springfield,Illinois
Shreveport,Louisiana
Winston-Salem,North Carolina
Sacramento,California
San Diego,California
Bellevue,Washington
Fort Lee,New Jersey
Itasca,Minnesota
Guttenberg,Iowa
Fort Wayne,Indiana
Des Moines,Iowa
Portland,Oregon
Indianapolis,Indiana
Dayton,Ohio
Bailey's Crossroads,Virginia
Omaha,Nebraska
White Plains,New York
Hallandale Beach,Florida
Orlando,Florida
South Bend,Indiana
Riviera Beach,Florida
Hollywood,California
Montgomery,Alabama
San Juan,Puerto Rico
Midland,Texas
Grand Rapids,Michigan
Wilmington,Delaware
Arlington,Texas
San Jose,California
Albuquerque,New Mexico
Stamford,Connecticut
Glendale,California
Biloxi,Mississippi
New Haven,Connecticut
Niagara Falls,New York
Durham,North Carolina
Fort Lauderdale,Florida
Burbank,California
Honolulu,Hawaii
Virginia Beach,Virginia
Tucson,Arizona
Elizabeth,New Jersey
Fort Myers,Florida
Pompano Beach,Florida
Yonkers,New York
Henderson,Texas
Fort Worth,Texas
Raleigh,North Carolina
New Rochelle,New York
Salt Lake City,Utah
Reno,Nevada
Brookhaven,Mississippi
Oakland,California
Galveston,Texas
Aventura,Florida
Santa Ana,California
Lexington,Kentucky
Huntsville,Alabama
The Woodlands,Texas
Atlantic Beach,New York
Greensboro,North Carolina
El Segundo,California
Myrtle Beach,South Carolina
Waimalu,Hawaii
Evanston,Illinois
Orange Beach,Alabama
South Padre Island,Texas
Corpus Christi,Texas
Amarillo,Texas
Allentown,Pennsylvania
Long Beach,California
